{
    "web": {
        "client_id":
        "357206432327-0in4b633g3r62q1ca0em617ua0dqkl59.apps.googleusercontent.com",
        "project_id":
        "room199-349814",
        "auth_uri":
        "https://accounts.google.com/o/oauth2/auth",
        "token_uri":
        "https://oauth2.googleapis.com/token",
        "auth_provider_x509_cert_url":
        "https://www.googleapis.com/oauth2/v1/certs",
        "client_secret":
        "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",
        "redirect_uris":
        ["https://room199.herokuapp.com", "http://localhost:8080/"],
        "javascript_origins": ["https://room199.herokuapp.com"]
    }
}
